-- =====================================================
-- Ledger ダミーデータ バックアップ (2024-12-17)
-- 新しいアカウント認証フローへの移行前のバックアップ
-- =====================================================

-- テストユーザーID: 00000000-0000-0000-0000-000000000001

-- =====================================================
-- politicians (旧構造 - Ledger内で管理)
-- ※新構造ではHubに移行
-- =====================================================
INSERT INTO politicians (id, owner_user_id, name, created_at) VALUES
('11111111-1111-1111-1111-111111111111', '00000000-0000-0000-0000-000000000001', 'テスト 太郎', '2025-12-17 05:02:22.146347+00'),
('22222222-2222-2222-2222-222222222222', '00000000-0000-0000-0000-000000000001', 'テスト 花子', '2025-12-17 05:02:22.192078+00');

-- =====================================================
-- political_organizations (旧構造)
-- ※新構造ではHub参照に変更
-- =====================================================
INSERT INTO political_organizations (id, owner_user_id, name, created_at) VALUES
('aaaa1111-1111-1111-1111-111111111111', '00000000-0000-0000-0000-000000000001', 'テスト太郎後援会', '2025-12-17 05:02:22.259417+00'),
('aaaa2222-2222-2222-2222-222222222222', '00000000-0000-0000-0000-000000000001', 'テスト花子を応援する会', '2025-12-17 05:02:22.296711+00');

-- =====================================================
-- elections (旧構造)
-- ※新構造ではpolitician_idがHub上のIDを参照
-- =====================================================
INSERT INTO elections (id, owner_user_id, politician_id, election_name, election_date, created_at) VALUES
('eeee1111-1111-1111-1111-111111111111', '00000000-0000-0000-0000-000000000001', '11111111-1111-1111-1111-111111111111', '2024年 第50回衆議院議員総選挙（テスト）', '2024-10-27', '2025-12-17 05:02:22.336867+00'),
('eeee2222-2222-2222-2222-222222222222', '00000000-0000-0000-0000-000000000001', '22222222-2222-2222-2222-222222222222', '令和7年東京都知事選挙（テスト）', '2025-07-06', '2025-12-17 05:02:22.376063+00');

-- =====================================================
-- contacts
-- =====================================================
INSERT INTO contacts (id, owner_user_id, contact_type, name, address, occupation, is_name_private, is_address_private, is_occupation_private, privacy_reason_type, privacy_reason_other, created_at) VALUES
('cccc1111-1111-1111-1111-111111111111', '00000000-0000-0000-0000-000000000001', 'person', '山田 一郎', '東京都渋谷区〇〇1-2-3', '会社員', false, false, false, NULL, NULL, '2025-12-17 05:02:22.41466+00'),
('cccc2222-2222-2222-2222-222222222222', '00000000-0000-0000-0000-000000000001', 'corporation', '株式会社テスト印刷', '東京都新宿区△△4-5-6', NULL, false, false, false, NULL, NULL, '2025-12-17 05:02:22.457361+00'),
('cccc3333-3333-3333-3333-333333333333', '00000000-0000-0000-0000-000000000001', 'corporation', '〇〇不動産', '東京都千代田区××7-8-9', NULL, false, false, false, NULL, NULL, '2025-12-17 05:02:22.491714+00');

-- =====================================================
-- journals
-- =====================================================
INSERT INTO journals (id, organization_id, election_id, journal_date, description, status, submitted_by_user_id, approved_by_user_id, contact_id, classification, non_monetary_basis, notes, amount_political_grant, amount_political_fund, is_receipt_hard_to_collect, receipt_hard_to_collect_reason, created_at, amount_public_subsidy, is_asset_acquisition, asset_type) VALUES
('dddd1111-1111-1111-1111-111111111111', NULL, 'eeee1111-1111-1111-1111-111111111111', '2024-10-01', '選挙ポスター印刷', 'approved', '00000000-0000-0000-0000-000000000001', '00000000-0000-0000-0000-000000000001', 'cccc2222-2222-2222-2222-222222222222', 'campaign', NULL, 'A1サイズ 500枚', 0, 0, false, NULL, '2025-12-17 05:43:59.743052+00', 0, false, NULL),
('dddd1111-2222-2222-2222-222222222222', NULL, 'eeee1111-1111-1111-1111-111111111111', '2024-10-05', '個人寄附', 'approved', '00000000-0000-0000-0000-000000000001', '00000000-0000-0000-0000-000000000001', 'cccc1111-1111-1111-1111-111111111111', 'pre-campaign', NULL, NULL, 0, 0, false, NULL, '2025-12-17 05:43:59.785979+00', 0, false, NULL),
('dddd1111-3333-3333-3333-333333333333', NULL, 'eeee1111-1111-1111-1111-111111111111', '2024-10-15', '選挙事務所借り上げ', 'approved', '00000000-0000-0000-0000-000000000001', '00000000-0000-0000-0000-000000000001', 'cccc3333-3333-3333-3333-333333333333', 'campaign', NULL, '10/1~10/31', 0, 0, false, NULL, '2025-12-17 05:43:59.818737+00', 0, false, NULL),
('dddd2222-1111-1111-1111-111111111111', 'aaaa1111-1111-1111-1111-111111111111', NULL, '2024-04-15', '会費収入', 'approved', '00000000-0000-0000-0000-000000000001', '00000000-0000-0000-0000-000000000001', 'cccc1111-1111-1111-1111-111111111111', NULL, NULL, '年会費', 0, 0, false, NULL, '2025-12-17 05:43:59.848182+00', 0, false, NULL),
('dddd2222-2222-2222-2222-222222222222', 'aaaa1111-1111-1111-1111-111111111111', NULL, '2024-05-01', '事務用品購入', 'approved', '00000000-0000-0000-0000-000000000001', '00000000-0000-0000-0000-000000000001', 'cccc2222-2222-2222-2222-222222222222', NULL, NULL, 'コピー用紙、文房具', 0, 0, false, NULL, '2025-12-17 05:43:59.882709+00', 0, false, NULL);

-- =====================================================
-- journal_entries
-- =====================================================
INSERT INTO journal_entries (id, journal_id, account_code, sub_account_id, debit_amount, credit_amount) VALUES
('ff001111-1111-1111-1111-111111111111', 'dddd1111-1111-1111-1111-111111111111', 'EXP_PRINTING_ELEC', NULL, 150000, 0),
('ff001111-1111-1111-2222-222222222222', 'dddd1111-1111-1111-1111-111111111111', 'ASSET_CASH', NULL, 0, 150000),
('ff001111-2222-2222-1111-111111111111', 'dddd1111-2222-2222-2222-222222222222', 'ASSET_CASH', NULL, 50000, 0),
('ff001111-2222-2222-2222-222222222222', 'dddd1111-2222-2222-2222-222222222222', 'REV_DONATION_INDIVIDUAL', NULL, 0, 50000),
('ff001111-3333-3333-1111-111111111111', 'dddd1111-3333-3333-3333-333333333333', 'EXP_BUILDING_ELEC', NULL, 80000, 0),
('ff001111-3333-3333-2222-222222222222', 'dddd1111-3333-3333-3333-333333333333', 'ASSET_CASH', NULL, 0, 80000),
('ff002222-1111-1111-1111-111111111111', 'dddd2222-1111-1111-1111-111111111111', 'ASSET_CASH', NULL, 10000, 0),
('ff002222-1111-1111-2222-222222222222', 'dddd2222-1111-1111-1111-111111111111', 'REV_MEMBERSHIP_FEE', NULL, 0, 10000),
('ff002222-2222-2222-1111-111111111111', 'dddd2222-2222-2222-2222-222222222222', 'EXP_SUPPLIES_POL', NULL, 5000, 0),
('ff002222-2222-2222-2222-222222222222', 'dddd2222-2222-2222-2222-222222222222', 'ASSET_CASH', NULL, 0, 5000);
